modzcta,modzcta_name,label,lat,lon,hospitalization_count_28day,hospitalization_rate_28day,death_count_28day,death_rate_28day,daterange
10001,Chelsea/NoMad/West Chelsea,"10001, 10118",40.750693,-73.997137,6,21.7,,,March 31-April 27
10002,Chinatown/Lower East Side,10002,40.715781,-73.986176,53,70.4,20,26.6,March 31-April 27
10003,East Village/Gramercy/Greenwich Village,10003,40.731825,-73.989164,5,9.3,,,March 31-April 27
10004,Financial District,10004,40.703675,-74.013106,2,,0,0.0,March 31-April 27
10005,Financial District,10005,40.706092,-74.008861,2,,0,0.0,March 31-April 27
10006,Financial District,10006,40.709651,-74.013044,0,0.0,0,0.0,March 31-April 27
10007,TriBeCa,10007,40.713923,-74.007546,0,0.0,0,0.0,March 31-April 27
10009,Alphabet City/East Village/Stuyvesant Town-Cooper Village,10009,40.72638,-73.978704,20,35.0,8,14.0,March 31-April 27
10010,Flatiron/Gramercy/Kips Bay,10010,40.739119,-73.982544,6,18.0,0,0.0,March 31-April 27
10011,Chelsea,10011,40.741707,-74.000062,12,24.1,0,0.0,March 31-April 27
10012,Greenwich Village/SoHo,10012,40.725576,-73.998078,3,,0,0.0,March 31-April 27
10013,Hudson Square/Little Italy/SoHo/TriBeCa,10013,40.720096,-74.004763,10,34.7,5,17.3,March 31-April 27
10014,Hudson Square/Meatpacking District/West Village,10014,40.73402,-74.006314,2,,,,March 31-April 27
10016,Kips Bay/Murray Hill/NoMad,10016,40.745174,-73.978319,13,25.5,,,March 31-April 27
10017,East Midtown/Murray Hill,10017,40.752543,-73.973037,5,32.0,,,March 31-April 27
10018,Hell's Kitchen/Midtown Manhattan,10018,40.755191,-73.992667,0,0.0,0,0.0,March 31-April 27
10019,Hell's Kitchen/Midtown Manhattan,"10019, 10020",40.76528,-73.985974,18,41.4,,,March 31-April 27
10021,Lenox Hill/Upper East Side,10021,40.769474,-73.958771,4,,,,March 31-April 27
10022,East Midtown,10022,40.758676,-73.968098,8,25.9,0,0.0,March 31-April 27
10023,Lincoln Square,10023,40.775901,-73.982658,10,16.2,,,March 31-April 27
10024,Upper West Side,10024,40.792085,-73.974871,14,24.0,,,March 31-April 27
10025,Manhattan Valley/Morningside Heights/Upper West Side,10025,40.798651,-73.966585,36,39.3,18,19.6,March 31-April 27
10026,Central Harlem (South),10026,40.802341,-73.952521,21,54.3,6,15.5,March 31-April 27
10027,Central Harlem (South)/Morningside Heights/West Harlem,10027,40.8118,-73.953204,30,47.3,7,11.0,March 31-April 27
10028,Upper East Side/Yorkville,10028,40.776432,-73.953509,4,,,,March 31-April 27
10029,East Harlem,10029,40.791777,-73.943969,58,74.1,14,17.9,March 31-April 27
10030,Central Harlem (North),10030,40.818326,-73.942842,25,85.4,,,March 31-April 27
10031,Hamilton Heights/West Harlem,10031,40.825278,-73.950037,39,66.1,7,11.9,March 31-April 27
10032,Washington Heights (South),10032,40.838768,-73.942824,38,60.3,6,9.5,March 31-April 27
10033,Washington Heights (North)/Washington Heights (South),10033,40.850497,-73.934007,19,32.5,6,10.3,March 31-April 27
10034,Inwood/Washington Heights (North),10034,40.867168,-73.924048,23,54.4,,,March 31-April 27
10035,East Harlem,10035,40.791,-73.924596,27,76.6,,,March 31-April 27
10036,Hell's Kitchen/Midtown Manhattan,10036,40.75916,-73.989705,7,25.7,,,March 31-April 27
10037,Central Harlem (North)/East Harlem,10037,40.812957,-73.937419,10,48.1,,,March 31-April 27
10038,Chinatown/Financial District,10038,40.709696,-74.002391,5,21.9,,,March 31-April 27
10039,Central Harlem (North)/Washington Heights (South),10039,40.830807,-73.936247,18,66.2,6,22.1,March 31-April 27
10040,Washington Heights (North),10040,40.85831,-73.93049,14,31.8,,,March 31-April 27
10044,Roosevelt Island,10044,40.761931,-73.949924,4,,0,0.0,March 31-April 27
10065,Lenox Hill/Upper East Side,10065,40.764616,-73.963135,7,25.1,,,March 31-April 27
10069,Lincoln Square,10069,40.775924,-73.990256,2,,0,0.0,March 31-April 27
10075,Lenox Hill/Upper East Side,"10075, 10162",40.773132,-73.955884,5,21.7,,,March 31-April 27
10128,Upper East Side/Yorkville,10128,40.781466,-73.950226,5,8.5,,,March 31-April 27
10280,Battery Park City,10280,40.709318,-74.016654,0,0.0,0,0.0,March 31-April 27
10282,Battery Park City,10282,40.716409,-74.015077,0,0.0,0,0.0,March 31-April 27
10301,Silver Lake/St. George,10301,40.628224,-74.096232,26,66.8,7,18.0,March 31-April 27
10302,Elm Park,10302,40.630598,-74.137891,15,81.1,,,March 31-April 27
10303,Graniteville/Mariner's Harbor/Port Ivory,10303,40.632135,-74.169166,19,71.7,,,March 31-April 27
10304,New Dorp/Todt Hill,10304,40.605985,-74.0943,39,93.1,7,16.7,March 31-April 27
10305,Arrochar/Midland Beach/Shore Acres/South Beach Ocean Breeze,10305,40.595474,-74.075437,41,95.7,10,23.3,March 31-April 27
10306,Lighthouse Hill/Midland Beach/New Dorp/Oakwood,10306,40.571571,-74.125541,32,60.6,7,13.3,March 31-April 27
10307,Tottenville,10307,40.507771,-74.24227,13,87.2,,,March 31-April 27
10308,Great Kills,10308,40.551574,-74.150454,21,70.4,,,March 31-April 27
10309,Charleston/Prince's Bay/Woodrow,10309,40.531355,-74.220574,17,51.6,,,March 31-April 27
10310,Port Richmond/Randall Manor/West Brighton,10310,40.632398,-74.11618,18,76.8,,,March 31-April 27
10312,Annadale/Rossville,10312,40.545128,-74.18169,32,52.4,9,14.7,March 31-April 27
10314,Bloomfield/Freshkills Park,10314,40.599333,-74.166462,61,65.9,16,17.3,March 31-April 27
10451,Concourse/Melrose,10451,40.820705,-73.923865,38,80.2,10,21.1,March 31-April 27
10452,Concourse/Highbridge,10452,40.837364,-73.923461,43,57.2,8,10.6,March 31-April 27
10453,Morris Heights/Mount Hope/University Heights,10453,40.852304,-73.913578,48,61.0,11,14.0,March 31-April 27
10454,Mott Haven/Port Morris,10454,40.805487,-73.916605,28,74.0,10,26.4,March 31-April 27
10455,Mott Haven,10455,40.8147,-73.908583,27,64.4,5,11.9,March 31-April 27
10456,Claremont/Morrisania,10456,40.829884,-73.908121,81,86.9,11,11.8,March 31-April 27
10457,Belmont/Claremont/Mount Hope/Tremont,10457,40.847151,-73.898676,59,80.0,9,12.2,March 31-April 27
10458,Belmont/Fordham University/Kingsbridge,10458,40.862531,-73.88817,48,58.0,8,9.7,March 31-April 27
10459,Charlotte Gardens/Hunts Point,10459,40.82584,-73.892976,46,96.1,13,27.2,March 31-April 27
10460,Charlotte Gardens/Tremont/Van Nest/West Farms,10460,40.841753,-73.879584,55,93.4,9,15.3,March 31-April 27
10461,Morris Park/Pelham Bay/Westchester Square,10461,40.847415,-73.840601,39,79.4,10,20.4,March 31-April 27
10462,Parkchester/Pelham Parkway/Van Nest/Westchester Square,10462,40.842874,-73.858772,36,47.8,13,17.3,March 31-April 27
10463,Kingsbridge/Marble Hill/Riverdale/Spuyten Duyvil,10463,40.880824,-73.906514,35,50.0,8,11.4,March 31-April 27
10464,City Island,10464,40.872311,-73.804653,3,,0,0.0,March 31-April 27
10465,Country Club/Throgs Neck,10465,40.823931,-73.822886,30,69.6,6,13.9,March 31-April 27
10466,Edenwald/Wakefield,10466,40.890965,-73.845912,48,67.3,7,9.8,March 31-April 27
10467,Allerton/Norwood/Pelham Parkway/Williamsbridge,10467,40.880939,-73.873956,78,76.4,12,11.8,March 31-April 27
10468,Fordham/Kingsbridge/University Heights,10468,40.868161,-73.899844,44,56.5,7,9.0,March 31-April 27
10469,Allerton/Baychester/Pelham Gardens/Williamsbridge,10469,40.86876,-73.846984,39,53.7,9,12.4,March 31-April 27
10470,Wakefield/Woodlawn,10470,40.895986,-73.86802,15,100.1,,,March 31-April 27
10471,Fieldston/North Riverdale/Riverdale,10471,40.899509,-73.901518,3,,,,March 31-April 27
10472,Soundview,10472,40.829561,-73.869393,48,70.6,6,8.8,March 31-April 27
10473,Castle Hill/Clason Point/Soundview,10473,40.818135,-73.858718,36,60.9,7,11.8,March 31-April 27
10474,Hunts Point,10474,40.810595,-73.884618,15,125.3,0,0.0,March 31-April 27
10475,Co-op City/Edenwald,10475,40.868941,-73.824854,23,53.8,7,16.4,March 31-April 27
11004,Bellerose/Douglaston-Little Neck,"11004, 11005",40.748068,-73.710907,8,42.2,,,March 31-April 27
11101,Astoria (South)/Long Island City/Sunnyside,11101,40.747077,-73.938586,19,51.6,,,March 31-April 27
11102,Astoria (North),11102,40.772498,-73.925912,19,63.2,,,March 31-April 27
11103,Astoria (North)/Astoria (South),11103,40.762536,-73.913541,16,45.8,5,14.3,March 31-April 27
11104,Sunnyside,11104,40.744658,-73.920205,10,39.3,,,March 31-April 27
11105,Ditmars Steinway,11105,40.778969,-73.906286,22,60.8,5,13.8,March 31-April 27
11106,Astoria (South),11106,40.761792,-73.931771,12,32.1,5,13.4,March 31-April 27
11109,Long Island City,11109,40.746211,-73.956999,0,0.0,0,0.0,March 31-April 27
11201,Brooklyn Heights/DUMBO/Downtown Brooklyn,11201,40.694609,-73.989581,21,33.7,6,9.6,March 31-April 27
11203,East Flatbush (North)/East Flatbush (South),11203,40.649576,-73.934363,63,85.9,16,21.8,March 31-April 27
11204,Bensonhurst/Mapleton,11204,40.618774,-73.984824,35,45.4,10,13.0,March 31-April 27
11205,Bedford-Stuyvesant (West)/Clinton Hill/Fort Greene,11205,40.694625,-73.966212,18,39.7,7,15.4,March 31-April 27
11206,Williamsburg (South),11206,40.701957,-73.942361,36,41.5,17,19.6,March 31-April 27
11207,Cypress Hills/East New York,11207,40.670819,-73.894255,82,92.1,14,15.7,March 31-April 27
11208,Cypress Hills/East New York,11208,40.668385,-73.871084,84,87.9,14,14.6,March 31-April 27
11209,Bay Ridge/Fort Hamilton,11209,40.621811,-74.030011,42,62.2,12,17.8,March 31-April 27
11210,Flatlands/Midwood,11210,40.628165,-73.946316,36,54.8,6,9.1,March 31-April 27
11211,East Williamsburg/Williamsburg (North)/Williamsburg (South),"11211, 11249",40.712334,-73.953851,18,17.7,9,8.9,March 31-April 27
11212,Ocean Hill-Brownsville,11212,40.662935,-73.913011,103,139.3,20,27.0,March 31-April 27
11213,Crown Heights (East),11213,40.671074,-73.93633,60,92.9,16,24.8,March 31-April 27
11214,Bath Beach/Bensonhurst/Gravesend,11214,40.598729,-73.99621,71,76.5,25,26.9,March 31-April 27
11215,Gowanus/Park Slope/Windsor Terrace,11215,40.66252,-73.986872,10,14.4,,,March 31-April 27
11216,Bedford-Stuyvesant (West)/Crown Heights (West),11216,40.680785,-73.94931,22,40.1,5,9.1,March 31-April 27
11217,Boerum Hill/Park Slope,"11217, 11243",40.682417,-73.97938,8,19.6,0,0.0,March 31-April 27
11218,Kensington/Windsor Terrace,11218,40.64348,-73.976044,44,59.5,12,16.2,March 31-April 27
11219,Borough Park,11219,40.632662,-73.996666,39,43.3,15,16.7,March 31-April 27
11220,Sunset Park,11220,40.641081,-74.016495,63,66.6,16,16.9,March 31-April 27
11221,Bedford-Stuyvesant (East)/Bushwick,11221,40.691339,-73.927885,51,62.6,13,16.0,March 31-April 27
11222,Greenpoint,11222,40.728292,-73.947562,15,41.5,,,March 31-April 27
11223,Gravesend/Homecrest,11223,40.597169,-73.973422,47,57.7,10,12.3,March 31-April 27
11224,Brighton Beach/Coney Island/Seagate,11224,40.57666,-73.988581,52,112.4,18,38.9,March 31-April 27
11225,Crown Heights (West)/Prospect Lefferts Gardens,11225,40.663056,-73.954226,33,57.4,9,15.6,March 31-April 27
11226,Flatbush/Prospect Lefferts Gardens,11226,40.646456,-73.956654,56,57.5,13,13.4,March 31-April 27
11228,Bath Beach/Dyker Heights,11228,40.616715,-74.013054,24,53.4,10,22.2,March 31-April 27
11229,Gerritsen Beach/Homecrest/Sheepshead Bay,11229,40.601175,-73.944465,55,65.8,19,22.7,March 31-April 27
11230,Midwood,11230,40.622164,-73.965096,50,56.2,10,11.2,March 31-April 27
11231,Carroll Gardens/Cobble Hill/Red Hook,11231,40.677562,-74.004445,12,32.1,5,13.4,March 31-April 27
11232,Sunset Park,11232,40.655984,-74.005304,16,59.1,5,18.5,March 31-April 27
11233,Bedford-Stuyvesant (East)/Ocean Hill-Brownsville,11233,40.678302,-73.919931,63,84.8,10,13.5,March 31-April 27
11234,Bergen Beach/Flatlands/Marine Park/Mill Basin,11234,40.60758,-73.910513,50,53.2,15,15.9,March 31-April 27
11235,Brighton Beach/Manhattan Beach/Sheepshead Bay,11235,40.583915,-73.949669,85,108.7,28,35.8,March 31-April 27
11236,Canarsie,11236,40.640004,-73.901459,92,94.7,17,17.5,March 31-April 27
11237,Bushwick/East Williamsburg,11237,40.704153,-73.920883,16,33.3,,,March 31-April 27
11238,Clinton Hill/Prospect Heights,11238,40.679179,-73.963804,19,35.5,,,March 31-April 27
11239,East New York,11239,40.64753,-73.882398,16,122.9,5,38.4,March 31-April 27
11354,Flushing/Murray Hill,11354,40.76863,-73.827229,73,135.4,7,13.0,March 31-April 27
11355,Flushing/Murray Hill/Queensboro Hill,11355,40.751459,-73.821014,126,159.8,31,39.3,March 31-April 27
11356,College Point,11356,40.784867,-73.841495,18,78.9,,,March 31-April 27
11357,Whitestone,11357,40.78639,-73.810964,28,72.3,5,12.9,March 31-April 27
11358,Auburndale/Murray Hill,11358,40.760475,-73.79637,22,61.1,,,March 31-April 27
11360,Bayside (North),11360,40.78205,-73.7808,12,63.0,,,March 31-April 27
11361,Bayside (North)/Bayside (South),11361,40.763748,-73.772419,13,49.3,,,March 31-April 27
11362,Douglaston-Little Neck,11362,40.756533,-73.736995,5,27.6,0,0.0,March 31-April 27
11363,Douglaston-Little Neck,11363,40.772803,-73.746444,3,,0,0.0,March 31-April 27
11364,Bayside (South)/Oakland Gardens,11364,40.745279,-73.760578,15,42.0,,,March 31-April 27
11365,Auburndale/Fresh Meadows/Pomonok/Utopia,11365,40.739775,-73.794806,26,59.3,9,20.5,March 31-April 27
11366,Fresh Meadows/Hillcrest,11366,40.728136,-73.784981,5,35.2,,,March 31-April 27
11367,Kew Gardens Hills/Pomonok,11367,40.730383,-73.826297,28,68.8,7,17.2,March 31-April 27
11368,Corona/North Corona,11368,40.749594,-73.852604,79,71.6,12,10.9,March 31-April 27
11369,Airport/East Elmhurst,11369,40.768944,-73.872812,24,71.4,,,March 31-April 27
11370,Jackson Heights/Rikers Island,11370,40.763466,-73.891021,15,47.2,8,25.2,March 31-April 27
11372,Jackson Heights,11372,40.75169,-73.883634,32,52.7,8,13.2,March 31-April 27
11373,Elmhurst,11373,40.738823,-73.8785,47,51.3,11,12.0,March 31-April 27
11374,Rego Park,11374,40.726441,-73.861497,26,62.8,,,March 31-April 27
11375,Forest Hills,11375,40.720931,-73.846184,34,47.7,6,8.4,March 31-April 27
11377,Woodside,11377,40.744823,-73.90516,64,76.1,10,11.9,March 31-April 27
11378,Maspeth,11378,40.724768,-73.909399,12,33.2,,,March 31-April 27
11379,Middle Village,11379,40.716758,-73.879597,24,65.5,,,March 31-April 27
11385,Glendale/Ridgewood,11385,40.701058,-73.890159,64,61.8,12,11.6,March 31-April 27
11411,Cambria Heights,11411,40.694202,-73.735998,11,51.5,,,March 31-April 27
11412,St. Albans,11412,40.698095,-73.758984,28,73.5,,,March 31-April 27
11413,Laurelton/Rosedale,11413,40.669738,-73.750842,27,62.5,,,March 31-April 27
11414,Hamilton Beach/Howard Beach/Lindenwood,11414,40.658266,-73.844905,22,77.6,10,35.3,March 31-April 27
11415,Kew Gardens,11415,40.708323,-73.828212,19,100.7,,,March 31-April 27
11416,Ozone Park,11416,40.684652,-73.849549,19,72.0,7,26.5,March 31-April 27
11417,Ozone Park,11417,40.676457,-73.844522,25,80.5,,,March 31-April 27
11418,Richmond Hill,11418,40.700236,-73.836062,29,77.2,7,18.6,March 31-April 27
11419,Richmond Hill/South Ozone Park,11419,40.688676,-73.822901,42,86.6,10,20.6,March 31-April 27
11420,South Ozone Park,11420,40.673518,-73.817812,39,81.5,12,25.1,March 31-April 27
11421,Woodhaven,11421,40.69405,-73.85867,30,74.9,16,40.0,March 31-April 27
11422,Rosedale,11422,40.660819,-73.73608,13,40.1,,,March 31-April 27
11423,Hollis/Holliswood,11423,40.71491,-73.767865,30,96.3,5,16.1,March 31-April 27
11426,Bellerose,11426,40.736521,-73.722384,5,24.8,,,March 31-April 27
11427,Bellerose/Hollis Hills/Holliswood,11427,40.730915,-73.745611,11,46.7,,,March 31-April 27
11428,Queens Village,11428,40.721015,-73.742206,11,59.2,,,March 31-April 27
11429,Queens Village,11429,40.709772,-73.738731,22,79.1,8,28.8,March 31-April 27
11432,Hillcrest/Jamaica Estates/Jamaica Hills,11432,40.715359,-73.793064,41,67.5,7,11.5,March 31-April 27
11433,Jamaica,11433,40.69823,-73.787095,32,87.6,5,13.7,March 31-April 27
11434,Airport/South Jamaica/Springfield Gardens/St. Albans,11434,40.656866,-73.783386,55,82.4,14,21.0,March 31-April 27
11435,Briarwood/Jamaica,11435,40.701291,-73.809618,33,56.5,8,13.7,March 31-April 27
11436,South Jamaica/South Ozone Park,11436,40.675819,-73.796618,15,74.8,,,March 31-April 27
11691,Edgemere/Far Rockaway,11691,40.60133,-73.761357,43,64.3,16,23.9,March 31-April 27
11692,Arverne/Edgemere,11692,40.592794,-73.792203,15,71.3,5,23.8,March 31-April 27
11693,Arverne/Broad Channel,11693,40.603699,-73.821926,10,78.9,,,March 31-April 27
11694,Belle Harbor-Neponsit/Rockaway Park,11694,40.577599,-73.844553,10,48.1,0,0.0,March 31-April 27
11697,Breezy Point,11697,40.55907,-73.907199,3,,,,March 31-April 27
